cluster,lan_code,fraction
0,heb,1.0
1,tur,0.9962630438690268
2,eng,0.9422134433085118
3,rus,0.5202618265608087
4,epo,0.7959157229118615
5,hun,0.39415082926554784
6,deu,0.9854829465255738
7,por,0.9807835380790797
8,epo,0.9862740263247501
9,fra,0.9850553866396401
10,nld,0.9950651219422204
11,jpn,0.3852881389545357
12,ita,0.9879144272717727
13,fin,0.8899036781953387
14,spa,0.9493649266946524
15,hun,0.9993460261836309
16,fin,0.9979077425904375
17,ber,0.5107809668927862
